product_name,price,images
BD MINI150W 150 Watt 1 Jar Juicer Mixer Grinder,1499,"['https://n1.sdlcdn.com/imgs/k/m/e/130x152/BD-MINI150W-150-Watt-1-SDL734896080-1-ca98c.png', 'https://n2.sdlcdn.com/imgs/k/m/e/130x152/BD-MINI150W-150-Watt-1-SDL734896080-2-08ff6.png']"
Athots Hardy Pro 750 Watts Mixer Grinder 4 Jars -White,3990,"['https://n2.sdlcdn.com/imgs/k/p/b/130x152/Athots-Hardy-More-than-500W-SDL225294320-1-ca4d3.jpg', 'https://n4.sdlcdn.com/imgs/k/p/b/130x152/Athots-Hardy-More-than-500W-SDL225294320-2-19a87.jpg', 'https://n1.sdlcdn.com/imgs/k/p/b/130x152/Athots-Hardy-More-than-500W-SDL225294320-3-cdbcb.jpg', 'https://n4.sdlcdn.com/imgs/k/p/b/130x152/Athots-Hardy-More-than-500W-SDL225294320-4-84d59.jpg']"
SURYAVIVA Master Mixer 500W 3 Jars Mixer Grinder,3999,"['https://n4.sdlcdn.com/imgs/k/v/c/130x152/SURYAVIVA-Master-Mixer-500W-3-SDL211447701-1-a1c02.jpg', 'https://n2.sdlcdn.com/imgs/k/v/c/130x152/SURYAVIVA-Master-Mixer-500W-3-SDL211447701-2-48c41.jpg', 'https://n3.sdlcdn.com/imgs/k/v/c/130x152/SURYAVIVA-Master-Mixer-500W-3-SDL211447701-3-b4e54.jpg', 'https://n3.sdlcdn.com/imgs/k/v/c/130x152/SURYAVIVA-Master-Mixer-500W-3-SDL211447701-4-2b995.jpg']"
SURYAVIVA Ronin Mixer Grinder 500W 3 Jars Mixer Grinder,3999,"['https://n1.sdlcdn.com/imgs/k/v/c/130x152/SURYAVIVA-Ronin-Mixer-Grinder-500W-SDL213319715-1-95edf.jpg', 'https://n3.sdlcdn.com/imgs/k/v/c/130x152/SURYAVIVA-Ronin-Mixer-Grinder-500W-SDL213319715-2-1bd4a.jpg', 'https://n2.sdlcdn.com/imgs/k/v/c/130x152/SURYAVIVA-Ronin-Mixer-Grinder-500W-SDL213319715-3-0b10a.jpg', 'https://n3.sdlcdn.com/imgs/k/v/c/130x152/SURYAVIVA-Ronin-Mixer-Grinder-500W-SDL213319715-4-35fe7.jpg']"
Wristkart Bottle Juicer Mixer 250 Watt 1 Jar Juicer Mixer Grinder,2000,"['https://n1.sdlcdn.com/imgs/k/s/f/130x152/Wristkart-Bottle-Juicer-Mixer-250-SDL176102977-1-288e1.jpg', 'https://n4.sdlcdn.com/imgs/k/s/f/130x152/Wristkart-Bottle-Juicer-Mixer-250-SDL176102977-2-2ab43.jpg', 'https://n1.sdlcdn.com/imgs/k/s/f/130x152/Wristkart-Bottle-Juicer-Mixer-250-SDL176102977-3-6887a.jpg', 'https://n2.sdlcdn.com/imgs/k/s/f/130x152/Wristkart-Bottle-Juicer-Mixer-250-SDL176102977-4-aec1d.jpg', 'https://n2.sdlcdn.com/imgs/k/s/f/130x152/Wristkart-Bottle-Juicer-Mixer-250-SDL176102977-5-90c0a.jpg', 'https://n1.sdlcdn.com/imgs/k/s/f/130x152/Wristkart-Bottle-Juicer-Mixer-250-SDL176102977-6-dc594.jpg']"
Orpat Orpat Mixer Grinder 600 Watt 2 Jar Juicer Mixer Grinder,2675,"['https://n1.sdlcdn.com/imgs/k/s/4/130x152/Orpat-Orpat-Mixer-Grinder-600-SDL356246232-1-3ee90.jpg', 'https://n3.sdlcdn.com/imgs/k/s/4/130x152/Orpat-Orpat-Mixer-Grinder-600-SDL356246232-2-b489f.jpg', 'https://n1.sdlcdn.com/imgs/k/s/4/130x152/Orpat-Orpat-Mixer-Grinder-600-SDL356246232-3-d5427.jpg']"
Wristkart Grain Mill Grinder 250 Watt 1 Jar Juicer Mixer Grinder,2000,"['https://n4.sdlcdn.com/imgs/k/s/f/130x152/Wristkart-Grain-Mill-Grinder-250-SDL172005983-1-e43a6.jpg', 'https://n2.sdlcdn.com/imgs/k/s/f/130x152/Wristkart-Grain-Mill-Grinder-250-SDL172005983-2-680c1.jpg', 'https://n1.sdlcdn.com/imgs/k/s/f/130x152/Wristkart-Grain-Mill-Grinder-250-SDL172005983-3-f7e06.jpg', 'https://n3.sdlcdn.com/imgs/k/s/f/130x152/Wristkart-Grain-Mill-Grinder-250-SDL172005983-4-fcef9.jpg', 'https://n1.sdlcdn.com/imgs/k/s/f/130x152/Wristkart-Grain-Mill-Grinder-250-SDL172005983-5-15e8c.jpg', 'https://n2.sdlcdn.com/imgs/k/s/f/130x152/Wristkart-Grain-Mill-Grinder-250-SDL172005983-6-3e33b.jpg']"
Orpat Kitchen Star 1200 Watt 3 Jar Juicer Mixer Grinder,3995,"['https://n2.sdlcdn.com/imgs/k/p/b/130x152/Orpat-Kitchen-Star-1200-Watt-SDL552038819-1-cb1f7.jpg', 'https://n4.sdlcdn.com/imgs/k/p/b/130x152/Orpat-Kitchen-Star-1200-Watt-SDL552038819-2-3dd72.jpg']"
"Wonderchef Nutri-blend GO, 400W 1 Jar Mixer Grinder",4000,"['https://n4.sdlcdn.com/imgs/k/t/c/130x152/Wonderchef-Nutri-blend-GO-400W-SDL909650424-1-64e76.jpg', 'https://n1.sdlcdn.com/imgs/k/t/c/130x152/Wonderchef-Nutri-blend-GO-400W-SDL909650424-2-328a0.jpg', 'https://n2.sdlcdn.com/imgs/k/t/c/130x152/Wonderchef-Nutri-blend-GO-400W-SDL909650424-3-57460.jpg', 'https://n1.sdlcdn.com/imgs/k/t/c/130x152/Wonderchef-Nutri-blend-GO-400W-SDL909650424-4-1b252.jpg', 'https://n2.sdlcdn.com/imgs/k/t/c/130x152/Wonderchef-Nutri-blend-GO-400W-SDL909650424-5-95608.jpg']"
Orpat Orpat Mixer Grinder 1200 Watt 3 Jar Juicer Mixer Grinder,3750,"['https://n3.sdlcdn.com/imgs/k/s/4/130x152/Orpat-Orpat-Mixer-Grinder-1200-SDL475249495-1-3cd10.jpg', 'https://n2.sdlcdn.com/imgs/k/s/4/130x152/Orpat-Orpat-Mixer-Grinder-1200-SDL475249495-2-377bf.jpg', 'https://n1.sdlcdn.com/imgs/k/s/4/130x152/Orpat-Orpat-Mixer-Grinder-1200-SDL475249495-3-b45aa.jpg', 'https://n4.sdlcdn.com/imgs/k/s/4/130x152/Orpat-Orpat-Mixer-Grinder-1200-SDL475249495-4-a62f6.jpg']"
Orpat - More than 500W Mixer Grinder 2 Jars,2675,"['https://n3.sdlcdn.com/imgs/k/k/v/130x152/Orpat-More-than-500W-Mixer-SDL449844943-1-0640e.jpg', 'https://n1.sdlcdn.com/imgs/k/k/v/130x152/Orpat-More-than-500W-Mixer-SDL449844943-2-9efdf.jpg', 'https://n1.sdlcdn.com/imgs/k/k/v/130x152/Orpat-More-than-500W-Mixer-SDL449844943-3-ebcab.jpg', 'https://n4.sdlcdn.com/imgs/k/k/v/130x152/Orpat-More-than-500W-Mixer-SDL449844943-4-84b4a.jpg']"
Frontline JUICE BOTTLE 35 Watt Pink Centrifugal Juicer,999,"['https://n3.sdlcdn.com/imgs/k/u/w/130x152/Frontline-JUICE-BOTTLE-35-Watt-SDL085091326-1-4c7e2.jpg', 'https://n1.sdlcdn.com/imgs/k/u/w/130x152/Frontline-JUICE-BOTTLE-35-Watt-SDL085091326-2-129df.jpg', 'https://n4.sdlcdn.com/imgs/k/u/w/130x152/Frontline-JUICE-BOTTLE-35-Watt-SDL085091326-3-a6d8a.jpg', 'https://n2.sdlcdn.com/imgs/k/u/w/130x152/Frontline-JUICE-BOTTLE-35-Watt-SDL085091326-4-c27c8.jpg', 'https://n3.sdlcdn.com/imgs/k/u/w/130x152/Frontline-JUICE-BOTTLE-35-Watt-SDL085091326-5-7b20f.jpg', 'https://n3.sdlcdn.com/imgs/k/u/w/130x152/Frontline-JUICE-BOTTLE-35-Watt-SDL085091326-6-5639c.jpg']"
ASIAN USB Juicer 250 Watt 1 Jar Juicer Mixer Grinder,1999,"['https://n3.sdlcdn.com/imgs/k/k/0/130x152/ASIAN-USB-Juicer-250-Watt-SDL583395721-1-abace.jpeg', 'https://n4.sdlcdn.com/imgs/k/k/0/130x152/ASIAN-USB-Juicer-250-Watt-SDL583395721-2-83ed2.jpeg']"
Shoppingtadka QL 602 250 Watt 1 Jar Juicer Mixer Grinder,1999,"['https://n2.sdlcdn.com/imgs/i/z/g/130x152/Shoppingtadka-QL-602-250-Watt-SDL975463542-1-8fdad.jpeg', 'https://n2.sdlcdn.com/imgs/i/z/g/130x152/Shoppingtadka-QL-602-250-Watt-SDL975463542-2-48a9d.jpeg', 'https://n4.sdlcdn.com/imgs/i/z/g/130x152/Shoppingtadka-QL-602-250-Watt-SDL975463542-3-c181f.jpeg', 'https://n1.sdlcdn.com/imgs/i/z/g/130x152/Shoppingtadka-QL-602-250-Watt-SDL975463542-4-968bd.jpeg', 'https://n3.sdlcdn.com/imgs/i/z/g/130x152/Shoppingtadka-QL-602-250-Watt-SDL975463542-5-f761f.jpeg', 'https://n2.sdlcdn.com/imgs/i/z/g/130x152/Shoppingtadka-QL-602-250-Watt-SDL975463542-6-4bc5f.jpeg']"
Wristkart USB juicer mixer 250 Watt 1 Jar Juicer Mixer Grinder,1999,"['https://n3.sdlcdn.com/imgs/k/l/y/130x152/Wristkart-USB-juicer-mixer-250-SDL410413080-1-f075e.jpg', 'https://n1.sdlcdn.com/imgs/k/l/y/130x152/Wristkart-USB-juicer-mixer-250-SDL410413080-2-e2711.jpg', 'https://n1.sdlcdn.com/imgs/k/l/y/130x152/Wristkart-USB-juicer-mixer-250-SDL410413080-3-a4a14.jpg', 'https://n1.sdlcdn.com/imgs/k/l/y/130x152/Wristkart-USB-juicer-mixer-250-SDL410413080-4-1256f.jpg', 'https://n1.sdlcdn.com/imgs/k/l/y/130x152/Wristkart-USB-juicer-mixer-250-SDL410413080-5-a5e25.jpeg']"
Orpat Orpat Mixer Grinder 800 Watt 3 Jar Juicer Mixer Grinder,3525,"['https://n1.sdlcdn.com/imgs/k/s/4/130x152/Orpat-Orpat-Mixer-Grinder-800-SDL481807374-1-d1323.jpg', 'https://n2.sdlcdn.com/imgs/k/s/4/130x152/Orpat-Orpat-Mixer-Grinder-800-SDL481807374-2-bb829.jpg']"
"Goodflame Fest Mixer Grinder 500 Watt 2 Jars Stainless Steel Mixer Grinder(Mixer Grinder,White)",3899,"['https://n4.sdlcdn.com/imgs/k/m/y/130x152/GOODFLAME-500W-Mixer-Grinder-2-SDL932957908-1-2d713.jpg', 'https://n3.sdlcdn.com/imgs/k/m/y/130x152/GOODFLAME-500W-Mixer-Grinder-2-SDL932957908-2-47f00.jpg', 'https://n4.sdlcdn.com/imgs/k/m/y/130x152/GOODFLAME-500W-Mixer-Grinder-2-SDL932957908-3-6c22b.jpg']"
SHOPEPRO VS-JUICER 25 Watt Centrifugal Juicer,1999,"['https://n2.sdlcdn.com/imgs/i/e/k/130x152/SHOPEPRO-VS-JUICER-750-Watt-SDL631772647-1-b3af7.jpg', 'https://n2.sdlcdn.com/imgs/i/e/k/130x152/SHOPEPRO-VS-JUICER-750-Watt-SDL631772647-2-1f42a.jpg', 'https://n3.sdlcdn.com/imgs/i/e/k/130x152/SHOPEPRO-VS-JUICER-750-Watt-SDL631772647-3-f8378.jpg', 'https://n2.sdlcdn.com/imgs/i/e/k/130x152/SHOPEPRO-VS-JUICER-750-Watt-SDL631772647-4-a2100.jpg', 'https://n1.sdlcdn.com/imgs/i/e/k/130x152/SHOPEPRO-VS-JUICER-750-Watt-SDL631772647-5-51d3a.jpg', 'https://n4.sdlcdn.com/imgs/i/e/k/130x152/SHOPEPRO-VS-JUICER-750-Watt-SDL631772647-6-e8816.jpg', 'https://n2.sdlcdn.com/imgs/i/e/k/130x152/SHOPEPRO-VS-JUICER-750-Watt-SDL631772647-7-e21ad.jpg', 'https://n4.sdlcdn.com/imgs/i/e/k/130x152/SHOPEPRO-VS-JUICER-750-Watt-SDL631772647-8-8d301.jpg']"
SURYAVIVA RONIN 2 JAR 500W 2 Jars Mixer Grinder,3699,"['https://n3.sdlcdn.com/imgs/k/v/c/130x152/SURYAVIVA-RONIN-2-JAR-500W-SDL213612263-1-f650e.jpg', 'https://n1.sdlcdn.com/imgs/k/v/c/130x152/SURYAVIVA-RONIN-2-JAR-500W-SDL213612263-2-8dad2.jpg', 'https://n1.sdlcdn.com/imgs/k/v/c/130x152/SURYAVIVA-RONIN-2-JAR-500W-SDL213612263-3-0cb36.jpg', 'https://n4.sdlcdn.com/imgs/k/v/c/130x152/SURYAVIVA-RONIN-2-JAR-500W-SDL213612263-4-55480.jpg', 'https://n1.sdlcdn.com/imgs/k/v/c/130x152/SURYAVIVA-RONIN-2-JAR-500W-SDL213612263-5-468b8.jpg']"
"Goodflame Carnival Mixer Grinder 500 Watt 3 Jars Stainless Steel Mixer Grinder(Mixer Grinder,White & Blue)",4190,"['https://n2.sdlcdn.com/imgs/k/m/c/130x152/GOODFLAME-500W-Mixer-Grinder-3-SDL734770203-1-72d24.jpg', 'https://n4.sdlcdn.com/imgs/k/m/c/130x152/GOODFLAME-500W-Mixer-Grinder-3-SDL734770203-2-16849.jpg', 'https://n3.sdlcdn.com/imgs/k/m/c/130x152/GOODFLAME-500W-Mixer-Grinder-3-SDL734770203-3-098cf.jpg', 'https://n3.sdlcdn.com/imgs/k/m/c/130x152/GOODFLAME-500W-Mixer-Grinder-3-SDL734770203-4-3f6a3.jpg']"
Orpat Orpat Mixer Grinder 650 Watt 3 Jar Juicer Mixer Grinder,2845,"['https://n1.sdlcdn.com/imgs/k/s/4/130x152/Orpat-Orpat-Mixer-Grinder-650-SDL420074017-1-cc5b0.jpg', 'https://n3.sdlcdn.com/imgs/k/s/4/130x152/Orpat-Orpat-Mixer-Grinder-650-SDL420074017-2-29f01.jpg']"
Trending Tail 6 Blade Personal 300 Watt Slow Juicer,1999,"['https://n3.sdlcdn.com/imgs/j/s/r/130x152/Trending-Tail-6-Blade-Personal-SDL057589297-1-a6cd6.jpeg', 'https://n3.sdlcdn.com/imgs/j/s/r/130x152/Trending-Tail-6-Blade-Personal-SDL057589297-2-3f10a.jpeg', 'https://n1.sdlcdn.com/imgs/j/s/r/130x152/Trending-Tail-6-Blade-Personal-SDL057589297-3-e1606.jpeg', 'https://n4.sdlcdn.com/imgs/j/s/r/130x152/Trending-Tail-6-Blade-Personal-SDL057589297-4-c5190.jpeg']"
Wristkart USB Juicer Mixer Slow Juicer,1999,"['https://n3.sdlcdn.com/imgs/k/l/y/130x152/Wristkart-USB-Juicer-Mixer-Slow-SDL438943462-1-1dd8c.jpeg', 'https://n4.sdlcdn.com/imgs/k/l/y/130x152/Wristkart-USB-Juicer-Mixer-Slow-SDL438943462-2-ee329.jpeg', 'https://n3.sdlcdn.com/imgs/k/l/y/130x152/Wristkart-USB-Juicer-Mixer-Slow-SDL438943462-3-e86b9.jpeg']"
Orpat Orpat Mixer Grinder 800 Watt 3 Jar Juicer Mixer Grinder,3450,"['https://n4.sdlcdn.com/imgs/k/s/4/130x152/Orpat-Orpat-Mixer-Grinder-800-SDL474672478-1-fd997.jpg', 'https://n2.sdlcdn.com/imgs/k/s/4/130x152/Orpat-Orpat-Mixer-Grinder-800-SDL474672478-2-e8af6.jpg']"
Orpat Orpat Mixer Grinder 650 Watt 3 Jar Juicer Mixer Grinder,2845,"['https://n2.sdlcdn.com/imgs/k/s/4/130x152/Orpat-Orpat-Mixer-Grinder-650-SDL413345437-1-7428b.jpg', 'https://n3.sdlcdn.com/imgs/k/s/4/130x152/Orpat-Orpat-Mixer-Grinder-650-SDL413345437-2-fce4a.jpg']"
Orpat Orpat Mixer Grinder 600 Watt 3 Jar Juicer Mixer Grinder,2785,"['https://n4.sdlcdn.com/imgs/k/s/4/130x152/Orpat-Orpat-Mixer-Grinder-600-SDL378260424-1-d879e.jpeg', 'https://n4.sdlcdn.com/imgs/k/s/4/130x152/Orpat-Orpat-Mixer-Grinder-600-SDL378260424-2-6bc8f.jpg']"
"Goodflame Carnival Mixer Grinder 500 Watt 2 Jars Stainless Steel Mixer Grinder(Mixer Grinder,White & Blue)",3799,"['https://n2.sdlcdn.com/imgs/k/n/g/130x152/GOODFLAME-carnival-mixer-500W-2-SDL526038133-1-23250.jpg', 'https://n4.sdlcdn.com/imgs/k/n/g/130x152/GOODFLAME-carnival-mixer-500W-2-SDL526038133-2-b57f1.jpg', 'https://n3.sdlcdn.com/imgs/k/n/g/130x152/GOODFLAME-carnival-mixer-500W-2-SDL526038133-3-d6f3b.jpg', 'https://n4.sdlcdn.com/imgs/k/n/g/130x152/GOODFLAME-carnival-mixer-500W-2-SDL526038133-4-47a78.jpg']"
Orpat Orpat Mixer Grinder 1200 Watt 3 Jar Juicer Mixer Grinder,3750,"['https://n2.sdlcdn.com/imgs/k/s/4/130x152/Orpat-Orpat-Mixer-Grinder-1200-SDL475363279-1-58dfb.jpg', 'https://n3.sdlcdn.com/imgs/k/s/4/130x152/Orpat-Orpat-Mixer-Grinder-1200-SDL475363279-2-7b600.jpg', 'https://n3.sdlcdn.com/imgs/k/s/4/130x152/Orpat-Orpat-Mixer-Grinder-1200-SDL475363279-3-41ed6.jpg', 'https://n2.sdlcdn.com/imgs/k/s/4/130x152/Orpat-Orpat-Mixer-Grinder-1200-SDL475363279-4-ab283.jpg']"
Orpat - More than 500W Mixer Grinder 2 Jars,2675,"['https://n2.sdlcdn.com/imgs/k/k/v/130x152/Orpat-More-than-500W-Mixer-SDL422286131-1-12988.jpg', 'https://n2.sdlcdn.com/imgs/k/k/v/130x152/Orpat-More-than-500W-Mixer-SDL422286131-2-1c809.jpg', 'https://n2.sdlcdn.com/imgs/k/k/v/130x152/Orpat-More-than-500W-Mixer-SDL422286131-3-27290.jpg', 'https://n2.sdlcdn.com/imgs/k/k/v/130x152/Orpat-More-than-500W-Mixer-SDL422286131-4-87875.jpg']"
My Chetan Mixer Cabinet 1000 Watt 1 Jar Juicer Mixer Grinder,999,"['https://n2.sdlcdn.com/imgs/k/v/v/130x152/My-Chetan-Mixer-Cabinet-1000-SDL270566046-1-a8b54.png', 'https://n3.sdlcdn.com/imgs/k/v/v/130x152/My-Chetan-Mixer-Cabinet-1000-SDL270566046-2-579c4.png', 'https://n4.sdlcdn.com/imgs/k/v/v/130x152/My-Chetan-Mixer-Cabinet-1000-SDL270566046-3-19ad3.png', 'https://n3.sdlcdn.com/imgs/k/v/v/130x152/My-Chetan-Mixer-Cabinet-1000-SDL270566046-4-a82b5.png']"
Orpat Orpat Mixer Grinder 800 Watt 3 Jar Juicer Mixer Grinder,3525,"['https://n3.sdlcdn.com/imgs/k/s/4/130x152/Orpat-Orpat-Mixer-Grinder-800-SDL461952590-1-d53c7.jpg', 'https://n3.sdlcdn.com/imgs/k/s/4/130x152/Orpat-Orpat-Mixer-Grinder-800-SDL461952590-2-e3aac.jpg']"
Wonderchef blend Mixer 3 Jar 500W 3 Jars Mixer Grinder,5500,"['https://n2.sdlcdn.com/imgs/k/v/z/130x152/Wonderchef-blend-Mixer-3-Jar-SDL238751263-1-79881.png', 'https://n3.sdlcdn.com/imgs/k/v/z/130x152/Wonderchef-blend-Mixer-3-Jar-SDL238751263-2-d4aa7.jpg', 'https://n1.sdlcdn.com/imgs/k/v/z/130x152/Wonderchef-blend-Mixer-3-Jar-SDL238751263-3-6cf9d.jpg', 'https://n1.sdlcdn.com/imgs/k/v/z/130x152/Wonderchef-blend-Mixer-3-Jar-SDL238751263-4-e0479.jpg']"
Orpat Orpat Mixer Grinder 650 Watt 3 Jar Juicer Mixer Grinder,2785,"['https://n4.sdlcdn.com/imgs/k/s/4/130x152/Orpat-Orpat-Mixer-Grinder-650-SDL389902686-1-9b9ea.jpg', 'https://n1.sdlcdn.com/imgs/k/s/4/130x152/Orpat-Orpat-Mixer-Grinder-650-SDL389902686-2-c91c8.jpg']"
Orpat - More than 500W Mixer Grinder 2 Jars,2675,"['https://n3.sdlcdn.com/imgs/k/k/v/130x152/Orpat-More-than-500W-Mixer-SDL456017478-1-42893.jpg', 'https://n1.sdlcdn.com/imgs/k/k/v/130x152/Orpat-More-than-500W-Mixer-SDL456017478-2-0a776.jpg', 'https://n3.sdlcdn.com/imgs/k/k/v/130x152/Orpat-More-than-500W-Mixer-SDL456017478-3-7d6b3.jpg', 'https://n2.sdlcdn.com/imgs/k/k/v/130x152/Orpat-More-than-500W-Mixer-SDL456017478-4-90706.jpg']"
Wonderchef blend Mixer 2 jar 400W 2 Jars Mixer Grinder,5300,"['https://n3.sdlcdn.com/imgs/k/t/c/130x152/Wonderchef-blend-Mixer-2-jar-SDL914898690-1-252f8.jpg', 'https://n4.sdlcdn.com/imgs/k/t/c/130x152/Wonderchef-blend-Mixer-2-jar-SDL914898690-2-32e65.jpg', 'https://n3.sdlcdn.com/imgs/k/t/c/130x152/Wonderchef-blend-Mixer-2-jar-SDL914898690-3-a05a2.jpg', 'https://n2.sdlcdn.com/imgs/k/t/c/130x152/Wonderchef-blend-Mixer-2-jar-SDL914898690-4-4eebc.jpg', 'https://n3.sdlcdn.com/imgs/k/t/c/130x152/Wonderchef-blend-Mixer-2-jar-SDL914898690-5-12a2c.jpg']"
Orpat Orpat Mixer Grinder 800 Watt 3 Jar Juicer Mixer Grinder,3450,"['https://n2.sdlcdn.com/imgs/k/s/4/130x152/Orpat-Orpat-Mixer-Grinder-800-SDL447049849-1-3443a.jpg', 'https://n4.sdlcdn.com/imgs/k/s/4/130x152/Orpat-Orpat-Mixer-Grinder-800-SDL447049849-2-339a8.jpg']"
Orpat Mixer Kitchen Bot 1200 Watt 3 Jar Juicer Mixer Grinder,4500,"['https://n4.sdlcdn.com/imgs/k/s/n/130x152/Orpat-Mixer-Kitchen-Bot-1200-SDL798316698-1-5c2c9.jpg', 'https://n1.sdlcdn.com/imgs/k/s/n/130x152/Orpat-Mixer-Kitchen-Bot-1200-SDL798316698-2-ce387.jpg']"
Orpat - More than 500W Mixer Grinder 2 Jars,2675,"['https://n1.sdlcdn.com/imgs/k/k/v/130x152/Orpat-More-than-500W-Mixer-SDL438854723-1-6d905.jpg', 'https://n2.sdlcdn.com/imgs/k/k/v/130x152/Orpat-More-than-500W-Mixer-SDL438854723-2-70627.jpg', 'https://n1.sdlcdn.com/imgs/k/k/v/130x152/Orpat-More-than-500W-Mixer-SDL438854723-3-b2eeb.jpg', 'https://n4.sdlcdn.com/imgs/k/k/v/130x152/Orpat-More-than-500W-Mixer-SDL438854723-4-346c6.jpg']"
DREAMSKART JUICER 150 Watt Centrifugal Juicer,1999,"['https://n4.sdlcdn.com/imgs/i/1/y/130x152/DREAMSKART-JUICER-150-Watt-Centrifugal-SDL527482937-1-94918.jpeg', 'https://n1.sdlcdn.com/imgs/i/1/y/130x152/DREAMSKART-JUICER-150-Watt-Centrifugal-SDL527482937-2-390b3.jpeg', 'https://n1.sdlcdn.com/imgs/i/1/y/130x152/DREAMSKART-JUICER-150-Watt-Centrifugal-SDL527482937-3-22314.jpeg', 'https://n2.sdlcdn.com/imgs/i/1/y/130x152/DREAMSKART-JUICER-150-Watt-Centrifugal-SDL527482937-4-a3118.jpeg', 'https://n3.sdlcdn.com/imgs/i/1/y/130x152/DREAMSKART-JUICER-150-Watt-Centrifugal-SDL527482937-5-fe328.jpeg']"
"Goodflame Fest Mixer Grinder 500 Watt 3 Jars Stainless Steel Mixer Grinder(Mixer Grinder,White)",4190,"['https://n1.sdlcdn.com/imgs/k/m/b/130x152/GOODFLAME-FEST-MIXER-GRINDER-500-SDL638472539-1-c1ea3.jpg', 'https://n2.sdlcdn.com/imgs/k/m/b/130x152/GOODFLAME-FEST-MIXER-GRINDER-500-SDL638472539-2-93b7d.jpg', 'https://n4.sdlcdn.com/imgs/k/m/b/130x152/GOODFLAME-FEST-MIXER-GRINDER-500-SDL638472539-3-a02b9.jpg', 'https://n2.sdlcdn.com/imgs/k/m/b/130x152/GOODFLAME-FEST-MIXER-GRINDER-500-SDL638472539-4-b43ce.jpg']"
Orpat Mixer Kitchen Bot 1200 Watt 3 Jar Juicer Mixer Grinder,4500,"['https://n4.sdlcdn.com/imgs/k/s/n/130x152/Orpat-Mixer-Kitchen-Bot-1200-SDL799880312-1-6e834.jpg', 'https://n3.sdlcdn.com/imgs/k/s/n/130x152/Orpat-Mixer-Kitchen-Bot-1200-SDL799880312-2-b0f7a.jpg']"
pablos PORTABLE HAND JUICER 35 Watt Pink Citrus Juicer,999,"['https://n2.sdlcdn.com/imgs/k/v/2/130x152/pablos-PORTABLE-HAND-JUICER-35-SDL880243836-1-13f95.jpg', 'https://n4.sdlcdn.com/imgs/k/v/2/130x152/pablos-PORTABLE-HAND-JUICER-35-SDL880243836-2-13966.jpg', 'https://n4.sdlcdn.com/imgs/k/v/2/130x152/pablos-PORTABLE-HAND-JUICER-35-SDL880243836-3-4e4d9.jpg', 'https://n2.sdlcdn.com/imgs/k/v/2/130x152/pablos-PORTABLE-HAND-JUICER-35-SDL880243836-4-35755.jpg', 'https://n4.sdlcdn.com/imgs/k/v/2/130x152/pablos-PORTABLE-HAND-JUICER-35-SDL880243836-5-8f60f.jpg', 'https://n1.sdlcdn.com/imgs/k/v/2/130x152/pablos-PORTABLE-HAND-JUICER-35-SDL880243836-6-3d83d.jpg', 'https://n1.sdlcdn.com/imgs/k/v/2/130x152/pablos-PORTABLE-HAND-JUICER-35-SDL880243836-7-44d69.jpg']"
Padmavathi Enterprises mixer juicer coupler 250 Watt 4 Jar Juicer Mixer Grinder,999,"['https://n1.sdlcdn.com/imgs/j/p/k/130x152/Padmavathi-Enterprises-mixer-juicer-coupler-SDL349411180-1-cdee6.jpg', 'https://n3.sdlcdn.com/imgs/j/p/k/130x152/Padmavathi-Enterprises-mixer-juicer-coupler-SDL349411180-2-57d15.jpg']"
Padmavathi Enterprises mixer coupler 250 Watt 1 Jar Juicer Mixer Grinder,1099,"['https://n1.sdlcdn.com/imgs/j/p/k/130x152/Padmavathi-Enterprises-mixer-coupler-250-SDL144621139-1-75457.jpg', 'https://n2.sdlcdn.com/imgs/j/p/k/130x152/Padmavathi-Enterprises-mixer-coupler-250-SDL144621139-2-f180c.jpg']"
Padmavathi Enterprises plastic 250 Watt 1 Jar Juicer Mixer Grinder,1149,['https://n2.sdlcdn.com/imgs/j/p/w/130x152/Padmavathi-Enterprises-plastic-250-Watt-SDL183566223-1-6303c.jpg']
Orpat Kitchen Chef Duo 650 Watt 2 Jar Juicer Mixer Grinder,2675,"['https://n2.sdlcdn.com/imgs/k/m/s/130x152/Orpat-Kitchen-Chef-Duo-650-SDL718823906-1-1250f.jpg', 'https://n3.sdlcdn.com/imgs/k/m/s/130x152/Orpat-Kitchen-Chef-Duo-650-SDL718823906-2-17fc5.jpg']"
Padmavathi Enterprises mixer grinder 250 Watt 2 Jar Mixer Grinder,1099,"['https://n2.sdlcdn.com/imgs/j/p/k/130x152/Padmavathi-Enterprises-mixer-grinder-250-SDL918357925-1-39372.jpg', 'https://n4.sdlcdn.com/imgs/j/p/k/130x152/Padmavathi-Enterprises-mixer-grinder-250-SDL918357925-2-a62b2.jpg']"
My Chetan Cabinet/ABS Body 550 Watt 1 Jar Juicer Mixer Grinder,999,"['https://n3.sdlcdn.com/imgs/k/v/v/130x152/My-Chetan-Cabinet-ABS-Body-SDL246698343-1-c3442.png', 'https://n1.sdlcdn.com/imgs/k/v/v/130x152/My-Chetan-Cabinet-ABS-Body-SDL246698343-2-ab23e.png', 'https://n2.sdlcdn.com/imgs/k/v/v/130x152/My-Chetan-Cabinet-ABS-Body-SDL246698343-3-edbc5.png', 'https://n1.sdlcdn.com/imgs/k/v/v/130x152/My-Chetan-Cabinet-ABS-Body-SDL246698343-4-3d1ef.png', 'https://n3.sdlcdn.com/imgs/k/v/v/130x152/My-Chetan-Cabinet-ABS-Body-SDL246698343-5-691aa.png']"
Vayu 0 25 Watt Multicolor Citrus Juicer,3499,"['https://n4.sdlcdn.com/imgs/k/s/f/130x152/Vayu-0-25-Watt-Multicolor-SDL806107473-1-cabea.jpg', 'https://n1.sdlcdn.com/imgs/k/s/f/130x152/Vayu-0-25-Watt-Multicolor-SDL806107473-2-f625c.JPG']"
Leben Tree SMILE MG 500W 2 Jars Mixer Grinder,2999,"['https://n1.sdlcdn.com/imgs/k/v/u/130x152/Leben-Tree-SMILE-MG-500W-SDL475816735-1-70639.jpg', 'https://n1.sdlcdn.com/imgs/k/v/u/130x152/Leben-Tree-SMILE-MG-500W-SDL475816735-2-37b19.jpg', 'https://n2.sdlcdn.com/imgs/k/v/u/130x152/Leben-Tree-SMILE-MG-500W-SDL475816735-3-b41e4.jpg', 'https://n4.sdlcdn.com/imgs/k/v/u/130x152/Leben-Tree-SMILE-MG-500W-SDL475816735-4-67008.jpg', 'https://n2.sdlcdn.com/imgs/k/v/u/130x152/Leben-Tree-SMILE-MG-500W-SDL475816735-5-d0b5a.jpg', 'https://n2.sdlcdn.com/imgs/k/v/u/130x152/Leben-Tree-SMILE-MG-500W-SDL475816735-6-f75e6.jpg', 'https://n1.sdlcdn.com/imgs/k/v/u/130x152/Leben-Tree-SMILE-MG-500W-SDL475816735-7-0d243.jpg']"
Orpat Orpat Mixer Grinder 600 Watt 2 Jar Juicer Mixer Grinder,2675,"['https://n1.sdlcdn.com/imgs/k/s/4/130x152/Orpat-Orpat-Mixer-Grinder-600-SDL356246232-1-3ee90.jpg', 'https://n3.sdlcdn.com/imgs/k/s/4/130x152/Orpat-Orpat-Mixer-Grinder-600-SDL356246232-2-b489f.jpg', 'https://n1.sdlcdn.com/imgs/k/s/4/130x152/Orpat-Orpat-Mixer-Grinder-600-SDL356246232-3-d5427.jpg']"
Orpat Orpat Mixer Grinder 800 Watt 3 Jar Juicer Mixer Grinder,3525,"['https://n3.sdlcdn.com/imgs/k/s/4/130x152/Orpat-Orpat-Mixer-Grinder-800-SDL461952590-1-d53c7.jpg', 'https://n3.sdlcdn.com/imgs/k/s/4/130x152/Orpat-Orpat-Mixer-Grinder-800-SDL461952590-2-e3aac.jpg']"
Wonderchef Blend Orchid 2Jars 400W 2 Jars Mixer Grinder,5300,"['https://n3.sdlcdn.com/imgs/k/v/l/130x152/Wonderchef-Blend-Orchid-2Jars-400W-SDL648717293-1-aa263.jpg', 'https://n1.sdlcdn.com/imgs/k/v/l/130x152/Wonderchef-Blend-Orchid-2Jars-400W-SDL648717293-2-973fe.jpg', 'https://n1.sdlcdn.com/imgs/k/v/l/130x152/Wonderchef-Blend-Orchid-2Jars-400W-SDL648717293-3-26be6.jpg', 'https://n4.sdlcdn.com/imgs/k/v/l/130x152/Wonderchef-Blend-Orchid-2Jars-400W-SDL648717293-4-81e6a.jpg', 'https://n3.sdlcdn.com/imgs/k/v/l/130x152/Wonderchef-Blend-Orchid-2Jars-400W-SDL648717293-5-bafaa.jpg']"
My Chetan Cabinet/ABS Body 550 Watt 1 Jar Juicer Mixer Grinder,999,"['https://n3.sdlcdn.com/imgs/k/v/v/130x152/My-Chetan-Cabinet-ABS-Body-SDL246698343-1-c3442.png', 'https://n1.sdlcdn.com/imgs/k/v/v/130x152/My-Chetan-Cabinet-ABS-Body-SDL246698343-2-ab23e.png', 'https://n2.sdlcdn.com/imgs/k/v/v/130x152/My-Chetan-Cabinet-ABS-Body-SDL246698343-3-edbc5.png', 'https://n1.sdlcdn.com/imgs/k/v/v/130x152/My-Chetan-Cabinet-ABS-Body-SDL246698343-4-3d1ef.png', 'https://n3.sdlcdn.com/imgs/k/v/v/130x152/My-Chetan-Cabinet-ABS-Body-SDL246698343-5-691aa.png']"
Wonderchef Nutri-Cup 100W 1 Jar Mixer Grinder,2500,"['https://n3.sdlcdn.com/imgs/k/v/3/130x152/Wonderchef-Nutri-Cup-100W-1-SDL291515938-1-3f0de.jpg', 'https://n4.sdlcdn.com/imgs/k/v/3/130x152/Wonderchef-Nutri-Cup-100W-1-SDL291515938-2-1381e.jpg', 'https://n3.sdlcdn.com/imgs/k/v/3/130x152/Wonderchef-Nutri-Cup-100W-1-SDL291515938-3-61e7a.jpg', 'https://n3.sdlcdn.com/imgs/k/v/3/130x152/Wonderchef-Nutri-Cup-100W-1-SDL291515938-4-7765b.jpg', 'https://n3.sdlcdn.com/imgs/k/v/3/130x152/Wonderchef-Nutri-Cup-100W-1-SDL291515938-5-98bbe.jpg', 'https://n2.sdlcdn.com/imgs/k/v/3/130x152/Wonderchef-Nutri-Cup-100W-1-SDL291515938-6-ea846.jpg', 'https://n1.sdlcdn.com/imgs/k/v/3/130x152/Wonderchef-Nutri-Cup-100W-1-SDL291515938-7-7362f.jpg', 'https://n1.sdlcdn.com/imgs/k/v/3/130x152/Wonderchef-Nutri-Cup-100W-1-SDL291515938-8-00c3e.jpg']"
Maxotech Zack Pro 550 Watts Mixer Grinder 2 Jars -White,3599,"['https://n3.sdlcdn.com/imgs/k/q/1/130x152/Maxotech-ZACK-More-than-500W-SDL168812848-1-344e0.jpg', 'https://n1.sdlcdn.com/imgs/k/q/1/130x152/Maxotech-ZACK-More-than-500W-SDL168812848-2-19979.jpg', 'https://n3.sdlcdn.com/imgs/k/q/1/130x152/Maxotech-ZACK-More-than-500W-SDL168812848-3-a3552.jpg', 'https://n2.sdlcdn.com/imgs/k/q/1/130x152/Maxotech-ZACK-More-than-500W-SDL168812848-4-a4252.jpg']"
Athots Foster Pro 550 Watts Mixer Grinder 4 Jars -White,3990,"['https://n2.sdlcdn.com/imgs/k/p/b/130x152/Athots-Foster-More-than-500W-SDL187212839-1-50533.jpg', 'https://n3.sdlcdn.com/imgs/k/p/b/130x152/Athots-Foster-More-than-500W-SDL187212839-2-104dc.jpg', 'https://n3.sdlcdn.com/imgs/k/p/b/130x152/Athots-Foster-More-than-500W-SDL187212839-3-f4430.jpg', 'https://n1.sdlcdn.com/imgs/k/p/b/130x152/Athots-Foster-More-than-500W-SDL187212839-4-74d5f.jpg']"
Maxotech Tuba 750 Watts Mixer Grinder 4 Jars -Black,3990,"['https://n3.sdlcdn.com/imgs/k/q/1/130x152/Maxotech-TUBA-More-than-500W-SDL066250685-1-ab8f4.jpg', 'https://n2.sdlcdn.com/imgs/k/q/1/130x152/Maxotech-TUBA-More-than-500W-SDL066250685-2-68034.jpg', 'https://n1.sdlcdn.com/imgs/k/q/1/130x152/Maxotech-TUBA-More-than-500W-SDL066250685-3-cc764.jpg']"
Maxotech Thunder 750 Watts Mixer Grinder 4 Jars -White,3990,"['https://n3.sdlcdn.com/imgs/k/q/1/130x152/Maxotech-Thunder-More-than-500W-SDL115852861-1-5ff29.jpg', 'https://n2.sdlcdn.com/imgs/k/q/1/130x152/Maxotech-Thunder-More-than-500W-SDL115852861-2-9aa58.jpg', 'https://n3.sdlcdn.com/imgs/k/q/1/130x152/Maxotech-Thunder-More-than-500W-SDL115852861-3-5323a.jpg', 'https://n1.sdlcdn.com/imgs/k/q/1/130x152/Maxotech-Thunder-More-than-500W-SDL115852861-4-e2804.jpg']"
Athots Novak 750 Watts Mixer Grinder 4 Jars -Black,3990,"['https://n1.sdlcdn.com/imgs/k/p/b/130x152/Athots-Novak-More-than-500W-SDL120787695-1-94b1a.jpg', 'https://n1.sdlcdn.com/imgs/k/p/b/130x152/Athots-Novak-More-than-500W-SDL120787695-2-33a2c.jpg', 'https://n4.sdlcdn.com/imgs/k/p/b/130x152/Athots-Novak-More-than-500W-SDL120787695-3-bd9d3.jpg', 'https://n1.sdlcdn.com/imgs/k/p/b/130x152/Athots-Novak-More-than-500W-SDL120787695-4-7c2e3.jpg']"
Athots Richard 750 Watts Mixer Grinder 4 Jars -Black,3990,"['https://n2.sdlcdn.com/imgs/k/p/a/130x152/Athots-Richard-4-Jar-More-SDL553492658-1-f1b93.jpg', 'https://n3.sdlcdn.com/imgs/k/p/a/130x152/Athots-Richard-4-Jar-More-SDL553492658-2-2cf2f.jpg', 'https://n3.sdlcdn.com/imgs/k/p/a/130x152/Athots-Richard-4-Jar-More-SDL553492658-3-33adc.jpg', 'https://n4.sdlcdn.com/imgs/k/p/a/130x152/Athots-Richard-4-Jar-More-SDL553492658-4-6371c.jpg']"
Activa Pluto 500 Watt 2 Jar Mixer Grinder with Free Electric Dry Iron,2490,"['https://n2.sdlcdn.com/imgs/i/o/0/130x152/1_10f67-fb767.jpg', 'https://n3.sdlcdn.com/imgs/h/p/p/130x152/2-ba044.jpg', 'https://n4.sdlcdn.com/imgs/h/p/p/130x152/3-6b391.jpg', 'https://n3.sdlcdn.com/imgs/h/p/p/130x152/4-1df7c.jpg', 'https://n2.sdlcdn.com/imgs/h/p/p/130x152/5-1ee0f.jpg', 'https://n1.sdlcdn.com/imgs/h/p/p/130x152/6-4900d.jpg', 'https://n3.sdlcdn.com/imgs/h/p/p/130x152/7-326ef.jpg', 'https://n1.sdlcdn.com/imgs/h/p/p/130x152/8-080f3.jpg']"
Maxotech Zack Pro 750 Watts Mixer Grinder 4 Jars -White,3990,"['https://n3.sdlcdn.com/imgs/k/q/1/130x152/Maxotech-ZACK-More-than-500W-SDL236330113-1-ae785.jpg', 'https://n1.sdlcdn.com/imgs/k/q/1/130x152/Maxotech-ZACK-More-than-500W-SDL236330113-2-989a0.jpg', 'https://n3.sdlcdn.com/imgs/k/q/1/130x152/Maxotech-ZACK-More-than-500W-SDL236330113-3-5df32.jpg', 'https://n3.sdlcdn.com/imgs/k/q/1/130x152/Maxotech-ZACK-More-than-500W-SDL236330113-4-0cf3e.jpg']"
Athots Hardy Pro 700 Watts Mixer Grinder 3 Jars - White,3799,"['https://n2.sdlcdn.com/imgs/k/p/b/130x152/Athots-Hardy-More-than-500W-SDL195279326-1-412d7.jpg', 'https://n3.sdlcdn.com/imgs/k/p/b/130x152/Athots-Hardy-More-than-500W-SDL195279326-2-3b098.jpg', 'https://n4.sdlcdn.com/imgs/k/p/b/130x152/Athots-Hardy-More-than-500W-SDL195279326-3-befba.jpg', 'https://n3.sdlcdn.com/imgs/k/p/b/130x152/Athots-Hardy-More-than-500W-SDL195279326-4-1899a.jpg']"
Maxotech Drax 750 Watts Mixer Grinder 4 Jars - White,3990,"['https://n4.sdlcdn.com/imgs/k/q/1/130x152/Maxotech-Drax-More-than-500W-SDL080763476-1-ac7ab.jpg', 'https://n1.sdlcdn.com/imgs/k/q/1/130x152/Maxotech-Drax-More-than-500W-SDL080763476-2-1d9a3.jpg', 'https://n3.sdlcdn.com/imgs/k/q/1/130x152/Maxotech-Drax-More-than-500W-SDL080763476-3-55fd3.jpg', 'https://n3.sdlcdn.com/imgs/k/q/1/130x152/Maxotech-Drax-More-than-500W-SDL080763476-4-bccfd.jpg']"
Athots Novak 700 Watts Mixer Grinder 3 Jars - Black,3799,"['https://n3.sdlcdn.com/imgs/k/p/h/130x152/Athots-Novak-More-than-500W-SDL494625066-1-8d52f.jpeg', 'https://n4.sdlcdn.com/imgs/k/p/h/130x152/Athots-Novak-More-than-500W-SDL494625066-2-32a16.jpeg', 'https://n1.sdlcdn.com/imgs/k/p/h/130x152/Athots-Novak-More-than-500W-SDL494625066-3-d10b0.jpeg', 'https://n2.sdlcdn.com/imgs/k/p/h/130x152/Athots-Novak-More-than-500W-SDL494625066-4-6da60.jpeg']"
Athots Novak 550 Watts Mixer Grinder 2 Jars -Black,3599,"['https://n4.sdlcdn.com/imgs/k/p/h/130x152/Athots-Novak-More-than-500W-SDL501356242-1-4b611.jpeg', 'https://n1.sdlcdn.com/imgs/k/p/h/130x152/Athots-Novak-More-than-500W-SDL501356242-2-121ec.jpeg', 'https://n4.sdlcdn.com/imgs/k/p/h/130x152/Athots-Novak-More-than-500W-SDL501356242-3-969c5.jpeg', 'https://n4.sdlcdn.com/imgs/k/p/h/130x152/Athots-Novak-More-than-500W-SDL501356242-4-759bd.jpeg']"
Maxotech Thunder 700 Watts Mixer Grinder 3 Jars - White,3799,"['https://n4.sdlcdn.com/imgs/k/q/1/130x152/Maxotech-Thunder-More-than-500W-SDL107888964-1-e1c24.jpg', 'https://n1.sdlcdn.com/imgs/k/q/1/130x152/Maxotech-Thunder-More-than-500W-SDL107888964-2-edb6d.jpg', 'https://n1.sdlcdn.com/imgs/k/q/1/130x152/Maxotech-Thunder-More-than-500W-SDL107888964-3-93f73.jpg', 'https://n4.sdlcdn.com/imgs/k/q/1/130x152/Maxotech-Thunder-More-than-500W-SDL107888964-4-29efd.jpg']"
Wristkart Mini Grinder Mixer 250 Watt 1 Jar Juicer Mixer Grinder,3000,"['https://n1.sdlcdn.com/imgs/k/o/w/130x152/Wristkart-Mini-Grinder-Mixer-250-SDL225816788-1-8035b.jpg', 'https://n4.sdlcdn.com/imgs/k/o/w/130x152/Wristkart-Mini-Grinder-Mixer-250-SDL225816788-2-73372.jpg', 'https://n2.sdlcdn.com/imgs/k/o/w/130x152/Wristkart-Mini-Grinder-Mixer-250-SDL225816788-3-3bf0f.jpg', 'https://n4.sdlcdn.com/imgs/k/o/w/130x152/Wristkart-Mini-Grinder-Mixer-250-SDL225816788-4-155e0.jpg']"
Wristkart Electric Juicer 250 Watt 1 Jar Juicer Mixer Grinder,1999,"['https://n4.sdlcdn.com/imgs/k/m/r/130x152/Wristkart-Electric-Juicer-250-Watt-SDL296447465-1-a1961.jpg', 'https://n3.sdlcdn.com/imgs/k/m/r/130x152/Wristkart-Electric-Juicer-250-Watt-SDL296447465-2-7a293.jpg', 'https://n3.sdlcdn.com/imgs/k/m/r/130x152/Wristkart-Electric-Juicer-250-Watt-SDL296447465-3-49905.jpg', 'https://n1.sdlcdn.com/imgs/k/m/r/130x152/Wristkart-Electric-Juicer-250-Watt-SDL296447465-4-507f4.jpg', 'https://n3.sdlcdn.com/imgs/k/m/r/130x152/Wristkart-Electric-Juicer-250-Watt-SDL296447465-5-e40c9.jpg', 'https://n3.sdlcdn.com/imgs/k/m/r/130x152/Wristkart-Electric-Juicer-250-Watt-SDL296447465-6-70e5c.jpg']"
TRIPZIRA 4 Blades Juicer 25 Watt Centrifugal Juicer,1499,"['https://n1.sdlcdn.com/imgs/i/8/b/130x152/TRIPZIRA-4-Blades-Juicer-25-SDL366017711-1-ebd09.jpeg', 'https://n1.sdlcdn.com/imgs/i/8/b/130x152/TRIPZIRA-4-Blades-Juicer-25-SDL366017711-2-aff8f.jpeg', 'https://n1.sdlcdn.com/imgs/i/8/b/130x152/TRIPZIRA-4-Blades-Juicer-25-SDL366017711-3-07625.jpeg', 'https://n3.sdlcdn.com/imgs/i/8/b/130x152/TRIPZIRA-4-Blades-Juicer-25-SDL366017711-4-fbb34.jpeg', 'https://n4.sdlcdn.com/imgs/i/8/b/130x152/TRIPZIRA-4-Blades-Juicer-25-SDL366017711-5-bbc60.jpeg']"
Athots Hardy Pro 550 Watts Mixer Grinder 2 Jars - White,3599,"['https://n4.sdlcdn.com/imgs/k/p/b/130x152/Athots-Hardy-More-than-500W-SDL216173799-1-0ac7f.jpg', 'https://n3.sdlcdn.com/imgs/k/p/b/130x152/Athots-Hardy-More-than-500W-SDL216173799-2-df045.jpg', 'https://n4.sdlcdn.com/imgs/k/p/b/130x152/Athots-Hardy-More-than-500W-SDL216173799-3-b4795.jpg', 'https://n2.sdlcdn.com/imgs/k/p/b/130x152/Athots-Hardy-More-than-500W-SDL216173799-4-fd1fc.jpg']"
Athots Foster Pro 550 Watts Mixer Grinder 3 Jars-White,3799,"['https://n1.sdlcdn.com/imgs/k/p/b/130x152/Athots-Foster-More-than-500W-SDL157237495-1-2a55d.jpg', 'https://n3.sdlcdn.com/imgs/k/p/b/130x152/Athots-Foster-More-than-500W-SDL157237495-2-d066f.jpg', 'https://n2.sdlcdn.com/imgs/k/p/b/130x152/Athots-Foster-More-than-500W-SDL157237495-3-2c694.jpg', 'https://n1.sdlcdn.com/imgs/k/p/b/130x152/Athots-Foster-More-than-500W-SDL157237495-4-4b68b.jpg']"
Maxotech Zack 700 Watts Mixer Grinder 3 Jars - White,3799,"['https://n2.sdlcdn.com/imgs/k/q/1/130x152/Maxotech-ZACK-More-than-500W-SDL076607878-1-4a2ba.jpg', 'https://n4.sdlcdn.com/imgs/k/q/1/130x152/Maxotech-ZACK-More-than-500W-SDL076607878-2-45fd6.jpg', 'https://n2.sdlcdn.com/imgs/k/q/1/130x152/Maxotech-ZACK-More-than-500W-SDL076607878-3-d7278.jpg', 'https://n3.sdlcdn.com/imgs/k/q/1/130x152/Maxotech-ZACK-More-than-500W-SDL076607878-4-ce077.jpg']"
Maxotech Drax 550 Watts Mixer Grinder 2 Jars - White,3599,"['https://n4.sdlcdn.com/imgs/k/q/0/130x152/Maxotech-Drax-More-than-500W-SDL337645795-1-f414f.jpg', 'https://n4.sdlcdn.com/imgs/k/q/0/130x152/Maxotech-Drax-More-than-500W-SDL337645795-2-8d3cf.jpg', 'https://n1.sdlcdn.com/imgs/k/q/0/130x152/Maxotech-Drax-More-than-500W-SDL337645795-3-13549.jpg', 'https://n4.sdlcdn.com/imgs/k/q/0/130x152/Maxotech-Drax-More-than-500W-SDL337645795-4-29483.jpg']"
"Maxotech Tuba 700 Watts Mixer Grinder 3 Jars, Black",3799,"['https://n4.sdlcdn.com/imgs/k/q/1/130x152/Maxotech-Tuba-More-than-500W-SDL242680007-1-7d8b0.jpg', 'https://n2.sdlcdn.com/imgs/k/q/1/130x152/Maxotech-Tuba-More-than-500W-SDL242680007-2-1ea21.jpg', 'https://n4.sdlcdn.com/imgs/k/q/1/130x152/Maxotech-Tuba-More-than-500W-SDL242680007-3-93102.jpg']"
DAYBETTER Electric Juice Mixer 150 Watt 1 Jar Juicer Mixer Grinder,999,"['https://n3.sdlcdn.com/imgs/k/u/o/130x152/DAYBETTER-Electric-Juice-Mixer-150-SDL704468662-1-c171c.jpg', 'https://n1.sdlcdn.com/imgs/k/u/o/130x152/DAYBETTER-Electric-Juice-Mixer-150-SDL704468662-2-b6507.jpg', 'https://n2.sdlcdn.com/imgs/k/u/o/130x152/DAYBETTER-Electric-Juice-Mixer-150-SDL704468662-3-8cd1f.jpg', 'https://n3.sdlcdn.com/imgs/k/u/o/130x152/DAYBETTER-Electric-Juice-Mixer-150-SDL704468662-4-335a4.jpg']"
Athots Foster Pro 550 Watts Mixer Grinder 2 Jars -White,3599,"['https://n3.sdlcdn.com/imgs/k/p/b/130x152/Athots-Foster-More-than-500W-SDL226762438-1-3bac5.jpg', 'https://n4.sdlcdn.com/imgs/k/p/b/130x152/Athots-Foster-More-than-500W-SDL226762438-2-14265.jpg', 'https://n2.sdlcdn.com/imgs/k/p/b/130x152/Athots-Foster-More-than-500W-SDL226762438-3-3d4c3.jpg', 'https://n1.sdlcdn.com/imgs/k/p/b/130x152/Athots-Foster-More-than-500W-SDL226762438-4-3bd7a.jpg']"
Athots Richard 700 Watts Mixer Grinder 3 Jars - Black,3799,"['https://n4.sdlcdn.com/imgs/k/p/b/130x152/Athots-Richard-More-than-500W-SDL526529808-1-1f0a8.jpg', 'https://n2.sdlcdn.com/imgs/k/p/b/130x152/Athots-Richard-More-than-500W-SDL526529808-2-fa822.jpg', 'https://n2.sdlcdn.com/imgs/k/p/b/130x152/Athots-Richard-More-than-500W-SDL526529808-3-86453.jpg', 'https://n1.sdlcdn.com/imgs/k/p/b/130x152/Athots-Richard-More-than-500W-SDL526529808-4-506e0.jpg']"
Maxotech Drax 700 Watts Mixer Grinder 3 Jars - White,3799,"['https://n4.sdlcdn.com/imgs/k/q/1/130x152/Maxotech-Drax-More-than-500W-SDL256469284-1-b435a.jpg', 'https://n2.sdlcdn.com/imgs/k/q/1/130x152/Maxotech-Drax-More-than-500W-SDL256469284-2-cfa37.jpg', 'https://n3.sdlcdn.com/imgs/k/q/1/130x152/Maxotech-Drax-More-than-500W-SDL256469284-3-f7b0e.jpg', 'https://n1.sdlcdn.com/imgs/k/q/1/130x152/Maxotech-Drax-More-than-500W-SDL256469284-4-2c972.jpg']"
Maxotech Thunder 550 Watts Mixer Grinder 2 Jars -White,3599,"['https://n2.sdlcdn.com/imgs/k/q/1/130x152/Maxotech-Thunder-More-than-500W-SDL239568604-1-d52e5.jpg', 'https://n2.sdlcdn.com/imgs/k/q/1/130x152/Maxotech-Thunder-More-than-500W-SDL239568604-2-7f71a.jpg', 'https://n4.sdlcdn.com/imgs/k/q/1/130x152/Maxotech-Thunder-More-than-500W-SDL239568604-3-de862.jpg', 'https://n4.sdlcdn.com/imgs/k/q/1/130x152/Maxotech-Thunder-More-than-500W-SDL239568604-4-76a51.jpg']"
